<?xml version="1.0" encoding="UTF-8"?>
<plugin_manifest xmlns="http://www.elgg.org/plugin_manifest/1.8">
	<name>Widget Manager</name>
	<author>ColdTrick IT Solutions</author>
	<version>6.2.1</version>
	<description>Manage your widgets</description>
	<id>widget_manager</id>
	<website>http://www.coldtrick.com/</website>
	<repository>https://github.com/ColdTrick/widget_manager</repository>
	<bugtracker>https://github.com/ColdTrick/widget_manager/issues</bugtracker>
	<copyright>(C) ColdTrick IT Solutions 2010 - 2014</copyright>
	<license>GNU General Public License version 2</license>
 	
 	<requires>
		<type>elgg_release</type>
		<version>2.0</version>
	</requires>
	
	<requires>
		<type>priority</type>
		<plugin>profile</plugin>
		<priority>after</priority>
	</requires>
	
	<requires>
		<type>priority</type>
		<plugin>groups</plugin>
		<priority>after</priority>
	</requires>
	
	<suggests>
		<type>plugin</type>
		<name>groups</name>
	</suggests>
	
	<suggests>
		<type>plugin</type>
		<name>dashboard</name>
	</suggests>
	
 	<category>ColdTrick</category>
 	<category>widget</category>
</plugin_manifest>